Balancer	Inversion Name	Breakpoint Pair	Chromosome	Estimated Band	5' Break (dm6)	3' Break (dm6)	Duplication (+) / Deletion (-)	Gene(s) Affected	Primer Fragment	F Primer 5'-3'	R Primer 5'-3'	Fragment Size	Tm
In(1)sc[8], FM1, FM3, FM4, FM6, FM7	In(1)sc	1B2-20F	X	1B2	382,384	382,389	6	CG32816	sc8-A/C	AACAGACTCTGCAAAAATGTTGA	TCAGACCACCAAGACACCAC	-	62
In(1)sc[8], FM1, FM3, FM4, FM6, FM7	In(1)sc	1B2-20F	X	20F (1.688 satellite)	unknown	unknown	unknown	-	sc8-B/D	TTTGCGGAATTCATAATCCA	TCAAACTGTGTTCAAAAATGGAA	-	62
In(1)dl-49, FM1, FM3, FM4, FM6, FM7	dl-49	4D7-11F2	X	4D7	4,897,260	4,897,262	3	CG42594	dl-49-A/C	GCATAAAGATCTGCGTCCAA	TTGATTGCGATGGAAAATCC	-	62
In(1)dl-49, FM1, FM3, FM4, FM6, FM7	dl-49	4D7-11F2	X	11F2	13,426,854	13,427,212	359	-	dl-49-B/D	CGGCCAGAGATAAAATGAGG	GCGAAAAAGTTGTCCCTTGT	-	62
FM6, FM7	FM6	15D-20F	X	15D	17,025,270	17,025,272	- 1	CG45002	FM6-A/C	TCGAGGACAAGCGTCAATTA	TGTTTGCCTTGCAAATGTGT	-	62
FM6, FM7	FM6	15D-20F	X	20F (rDNA)	unknown	unknown	unknown	-	FM6-B/D	AATTTGGAAGAATTATCATGTGC	AGCGAATAAGGCGACAAAAC	-	62
SM1, SM5, SM6a, CyO	In(2R)Cy	42A2-58A4	2R	42A7	6,012,459	6,012,739	280	5' of Src42A					
SM1, SM5, SM6a, CyO	In(2R)Cy	42A2-58A4	2R	58A4	21,971,918	21,972,072	-153	intergenic					
SM1, SM5, SM6a, CyO	In(2L)Cy	22D-33F5	2L	22D1	2,151,403	2,151,403	0	TBCD					
SM1, SM5, SM6a, CyO	In(2L)Cy	22D-33F5	2L	33F4	12,731,221	12,731,221	0	MRP					
SM1, SM5, SM6a	In(2LR)SM1	22A3-60B11	2L	22A3	1,586,845	1,586,840	-4	haf, CG10869	SM1,SM5,SM6-22A-60B-A/C	GGAGCAGGTTCTGGAGCA	GGTGAGTCCTTCATCCTTCG	304	60
SM1, SM5, SM6a	In(2LR)SM1	22A3-60B11	2R	60B11	24,117,046	24,117,059	-12	CG3257	SM1,SM5,SM6-22A-60B-B/D	ATGGAATGGATGGATGGTTG	CGCAGGAACTGCCACTAAAT	315	60
SM6a, CyO	In(2LR)O	30F-50D	2L	30D1	9,805,575	9,805,567	-7	nAChRalpha6					
SM6a, CyO	In(2LR)O	30F-50D	2R	50D4	14,067,771	14,067,782	-10	Prosap					
SM1, SM5, SM6a, CyO	unnamed	49A-50C	2R	49A10	12,527,326	12,527,326	0	intergenic					
SM1, SM5, SM6a, CyO	unnamed	49A-50C	2R	50C2	13,699,970	13,699,973	-2	fas					
SM5	In(2LR)SM5	21D2-36C	2L	21E2	675,187	675,190	4	ds					
SM5	In(2LR)SM5	21D2-36C	2L	36B6	16,995,337	16,995,336	2	intergenic					
SM5	In(2LR)SM5	29D-40F	2L	29D	unknown	unknown	unknown	unknown					
SM5	In(2LR)SM5	29D-40F	2L	40F	unknown	unknown	unknown	unknown					
SM5	In(2LR)SM5	53C-59A	2R	53D1	16,682,351	16,682,827	477	CG30463					
SM5	In(2LR)SM5	53C-59A	2R	59A2	22,689,962	22,689,962	-	CR44763					
SM5	SM5 Duplication	-	2R	-	6,012,459	6,916,809	904,350	n/a					
SM5	SM5 Duplication	-	2R	-	21,972,071	22,685,000	712,929	n/a					
TM3	In(3LR)sep	65D-85F	3L	65D3	6,925,034	6,926,125	-1,090	intergenic	TM3-65D-85F-A/C	CGATGGACAGAAGCAACAGA	ATCACCAGGACTACGGCAAC	250	60
TM3	In(3LR)sep	65D-85F	3R	85F2	9,943,831	9,944,040	-208	Glut4EF	TM3-65D-85F-B/D	TAATTCCTGTGAGCGACGTG	TAATGGGCATCAAGCATACG	293	60
TM3	Unnamed	71B-94D	3L	71B6	15,150,269	15,150,272	-2	FucTa	TM3-71B-94D-A/C	TGGACGAACAAGCTAAACGA	TCTAAAATGCCCATCCAACC	296	60
TM3	Unnamed	71B-94D	3R	94D10	23,050,763	23,050,764	0	p53	TM3-71B-94D-B/D	AACAGCTCTTGAGGCGAGAC	TACACGAGTTTTGGCAGACG	274	60
TM3	Unnamed	76B-92F	3L	76B1	19,386,273	19,388,151	-1,877	CG32206, ms(3)76Ba	TM3-76B-92F-A/C	GTAAGGGTTCCCTGGATGGT	GGCGATCAAACAACCAAAGT	311	60
TM3	Unnamed	76B-92F	3R	92F4	20,637,930	20,637,930	1	Lrrk	TM3-76B-92F-B/D	TCAGGTGATGTGCTGGAATC	AGGAAGATCCCGCAATAGGT	288	60
TM3	Unnamed	79F-100D	3L	79F3	22,637,876	22,637,952	-75	CG14459	TM3-79F-100D-A/C	CCTCCGAAACGCATTGTATT	TGCAGTTGGATAGGTTCGTG	301	60
TM3	Unnamed	79F-100D	3R	100D1	31,653,695	31,653,707	-11	kek6	TM3-79F-100D-B/D	ATTTGGATCCATTCCGTTGA	AACAGGGCGGCTACTTGTTA	327	60
TM6	In(3LR)P88	61A-89C	3L	61A6	97,494	97,495	0	intergenic	TM6-61A-89C-A/C	GCACACTCCGCACACTTG	CGGGTAAGAGCATGACCAAT	398	63
TM6	In(3LR)P88	61A-89C	3L	61B3	263,127	263,132	-4	Tudor-SN	TM6-61A-89C-B/E	TTTGAGCTGCACTCTTGCAC	TTCCCCATCAACTCCTCTCA	286	61
TM6	In(3LR)P88	61A-89C	3R	89C4	16,383,781	16,383,775	7	ss	TM6-61A-89C-D/F	ACCCCATTTTTCACTTGCTG	ACGTGTGGGGTCACTAGAGG	392	61
TM6, TM6B	In(3LR)M6	75D-94A	3L	75D6	18,693,657	18,693,663	-5	CR43987	TM6,TM6B-75D-94A-A/C	AAATTGCCGATCAAAAGGTG	ATTAATTGGCCCAGGACCTC	291	60
TM6, TM6B	In(3LR)M6	75D-94A	3R	94A11	22,393,827	22,393,828	0	CG13857	TM6,TM6B-75D-94A-B/D	AACCCACGAGTCCCCTAACT	ACCCCGAAGTGTGCAGTATC	259	60
TM6, TM6B	In(3L)P	63B-72E	3L	63B9	3,173,046	3,173,053	-6	CG14964	n/a				
TM6, TM6B	In(3L)P	63B-72E	3L	72E1	16,308,841	16,308,845	-3	intergenic	n/a				
TM6B	In(3LR)HR33	61B-87B	3L	61B2	233,562	233,565	-2	intergenic	TM6B-61B-87B-A/C	TCACTTTAGCAGGTTCCATCG	TTGAACCCGAAATGGCTTTA	253	60
TM6B	In(3LR)HR33	61B-87B	3R	87B2	12,227,473	12,227,471	3	intergenic	TM6B-61B-87B-B/D	TTGACAGGGTGGTCCAATTA	AATTTGCTTCGCAATGAAGG	201	60
TM6B	In(3R)Hu	86C8	3R	86C5	10,742,047	10,742,076	-28	TkR86C	n/a				
TM6B	In(3R)Hu	84F2	3R	84F8	8,287,181	8,287,183	-1	CR44318	n/a				
TM6B	In(3R)Hu	84B2	3R	84B2	7,048,580	7,048,586	-5	intergenic	n/a				
TM3, TM6, TM6B	In(3R)C	92D1-E1	3R	92D1	unknown	unknown	unknown	unknown	n/a				
TM3, TM6, TM6B	In(3R)C	100F2-3	3R	100F2	unknown	unknown	unknown	unknown	n/a				
